{"cameraMode":{"drawMode":0,"name":"Shaded","section":"Shading Mode"},"sceneLighting":false,"audioPlay":false,"sceneViewState":{"showFog":true,"showMaterialUpdate":false,"showSkybox":true,"showFlares":true,"showImageEffects":true,"showParticleSystems":true},"in2DMode":false,"pivot":{"x":-8.506439208984375,"y":-0.36782306432724,"z":41.80784606933594},"rotation":{"x":0.37413737177848818,"y":-0.2971158027648926,"z":0.1279003769159317,"w":0.8691288828849793},"size":71.07933044433594,"orthographic":true}