{"cameraMode":{"drawMode":0,"name":"Shaded","section":"Shading Mode"},"sceneLighting":false,"audioPlay":false,"sceneViewState":{"showFog":true,"showMaterialUpdate":false,"showSkybox":true,"showFlares":true,"showImageEffects":true,"showParticleSystems":true},"in2DMode":false,"pivot":{"x":-37.30067825317383,"y":0.4999997615814209,"z":44.21827697753906},"rotation":{"x":-0.3471203148365021,"y":-0.1636725217103958,"z":0.06166403368115425,"w":-0.9213666319847107},"size":3.2293334007263185,"orthographic":true}