{"cameraMode":{"drawMode":0,"name":"Shaded","section":"Shading Mode"},"sceneLighting":false,"audioPlay":false,"sceneViewState":{"showFog":true,"showMaterialUpdate":false,"showSkybox":true,"showFlares":true,"showImageEffects":true,"showParticleSystems":true},"in2DMode":false,"pivot":{"x":-40.25,"y":1.6429998874664307,"z":69.87799835205078},"rotation":{"x":-0.5759527683258057,"y":-0.00760778458788991,"z":0.005361748393625021,"w":-0.8174300193786621},"size":4.534605503082275,"orthographic":true}