{"cameraMode":{"drawMode":0,"name":"Shaded","section":"Shading Mode"},"sceneLighting":false,"audioPlay":false,"sceneViewState":{"showFog":true,"showMaterialUpdate":false,"showSkybox":true,"showFlares":true,"showImageEffects":true,"showParticleSystems":true},"in2DMode":false,"pivot":{"x":9.770742416381836,"y":0.8229643106460571,"z":-1.1920928955078126e-7},"rotation":{"x":-0.3831844925880432,"y":-0.015523284673690796,"z":0.0064416565001010899,"w":-0.92351895570755},"size":9.639535903930664,"orthographic":true}