{"cameraMode":{"drawMode":0,"name":"Shaded","section":"Shading Mode"},"sceneLighting":false,"audioPlay":false,"sceneViewState":{"showFog":true,"showMaterialUpdate":false,"showSkybox":true,"showFlares":true,"showImageEffects":true,"showParticleSystems":true},"in2DMode":false,"pivot":{"x":-14.899999618530274,"y":2.759999990463257,"z":59.9900016784668},"rotation":{"x":0.33293455839157107,"y":-0.3958774209022522,"z":0.15665096044540406,"w":0.8413656949996948},"size":0.9187613129615784,"orthographic":true}