{"cameraMode":{"drawMode":0,"name":"Shaded","section":"Shading Mode"},"sceneLighting":false,"audioPlay":false,"sceneViewState":{"showFog":true,"showMaterialUpdate":false,"showSkybox":true,"showFlares":true,"showImageEffects":true,"showParticleSystems":true},"in2DMode":false,"pivot":{"x":-51.40180969238281,"y":1.9195367097854615,"z":75.01000213623047},"rotation":{"x":0.33293455839157107,"y":-0.3958774209022522,"z":0.15665096044540406,"w":0.8413656949996948},"size":5.483763217926025,"orthographic":true}