{"cameraMode":{"drawMode":0,"name":"Shaded","section":"Shading Mode"},"sceneLighting":false,"audioPlay":false,"sceneViewState":{"showFog":true,"showMaterialUpdate":false,"showSkybox":true,"showFlares":true,"showImageEffects":true,"showParticleSystems":true},"in2DMode":false,"pivot":{"x":-39.523399353027347,"y":1.8813142776489258,"z":69.8779296875},"rotation":{"x":-0.19133184850215913,"y":-0.1119232326745987,"z":0.021968042477965356,"w":-0.9748757481575012},"size":4.534605503082275,"orthographic":true}