{"cameraMode":{"drawMode":0,"name":"Shaded","section":"Shading Mode"},"sceneLighting":true,"audioPlay":false,"sceneViewState":{"showFog":true,"showMaterialUpdate":false,"showSkybox":true,"showFlares":true,"showImageEffects":true,"showParticleSystems":true},"in2DMode":false,"pivot":{"x":-16.155637741088868,"y":20.559003829956056,"z":6.421850204467773},"rotation":{"x":0.21959364414215089,"y":0.0014635944971814752,"z":-0.00032996683148667216,"w":0.9755902886390686},"size":37.18145751953125,"orthographic":true}