{"cameraMode":{"drawMode":0,"name":"Shaded","section":"Shading Mode"},"sceneLighting":true,"audioPlay":false,"sceneViewState":{"showFog":true,"showMaterialUpdate":false,"showSkybox":true,"showFlares":true,"showImageEffects":true,"showParticleSystems":true},"in2DMode":false,"pivot":{"x":436.6208190917969,"y":143.74990844726563,"z":0.0},"rotation":{"x":0.24662534892559052,"y":0.1698862612247467,"z":-0.04396049305796623,"w":0.9530908465385437},"size":290.7093200683594,"orthographic":false}